"","x"
"1","elizabeth needham died mother english"
"2","elizabeth needham died mother english"
"3","elizabeth needham died mother english"
"4","elizabeth needham died mother english"
"5","elizabeth needham died mother english"
"6","thespis gilbert elizabeth needham died"
"7","indian hindi debut filmfare award"
"8","elizabeth needham died mother english"
"9","elizabeth needham died mother english"
"10","gunnhild norway life king erik"
"11","elizabeth needham died mother english"
"12","national service elizabeth needham died"
"13","battle union army tennessee gen"
"14","sullivan opera theatre gods actors"
"15","world east storey edward thomas"
"16","elizabeth needham died mother english"
"17","elizabeth needham died mother english"
"18","equipartition theorem average energy system"
"19","test hill australian cricket including"
"20","elizabeth needham died mother english"
"21","rings system dust ring number"
"22","thylacine tasmanian extinct tiger back"
"23","elizabeth needham died mother english"
"24","johnston launched men line elizabeth"
"25","hawes kentucky confederate governor whig"
"26","elizabeth needham died mother english"
"27","yard wilderness years park parks"
"28","zinta film actress role acting"
"29","needham london died elizabeth mother"
"30","sunderland echo newspaper daily paper"
